,1,2,3,4,pEns,qEns
0,7.167299661311288,7.18768119387839,6.901227482536744,6.688908669820057,6.124490375840995,6.150792420233641
