method,average_CRPS
qrm,1.6505476814074813
q_Ens,1.6522979756888614
