,lasso,enet,lasso_weighted
0,5.527010236443091,5.338230015615686,5.32056279298142
