,lasso,enet,lasso_weighted
0,1.5638597705569328,1.5465681447877706,1.542607194605386
