method,average_CRPS
qrm,6.289504470075797
q_Ens,6.281578317291422
