,1,2,3,4,pEns,qEns
0,1.9148145338002491,1.7752934143024321,1.7689723729790767,1.6555399281110843,1.731573114545587,1.6125706977620111
