,1,2,3,4,pEns,qEns
0,6.984655221047575,6.756342132558458,6.493803241332196,7.229814923312553,5.958205799112973,5.876581828596229
