,qra,qrm
0,6.160162163011262,6.097990394527359
