,qra,qrm
0,1.7855221753812933,1.6375051410720565
