,1,2,3,4,pEns,qEns
0,1.7397653232036534,1.7498766648352087,1.7852881578714632,1.7203199990157954,1.6147082361714822,1.6178335873837657
