,1,2,3,4,pEns,qEns
0,0.9103019538188277,0.8681172291296625,0.8614564831261101,0.9057134399052694,0.9532267613972765,0.9366489046773239
