,qra,qrm
0,0.8271971496437055,0.8999447208402432
