,qra,qrm
0,0.4517022961203484,0.500069098949696
