,1,2,3,4,pEns,qEns
0,0.8569651741293532,0.8577252625760089,0.8597291321171918,0.8650497512437811,0.9199834162520729,0.900221116639027
