,1,2,3,4,pEns,qEns
0,0.43383658969804617,0.4201450562462996,0.5072528123149793,0.46987862640615746,0.5851835405565423,0.5294552989934873
