,1,2,3,4,pEns,qEns
0,0.4486594803758983,0.4657960199004975,0.45598396904367056,0.4802377003869541,0.5398009950248757,0.5083609729132117
