,qra,qrm
0,0.8017279090113736,0.9001628182356424
