,1,2,3,4,pEns,qEns
0,0.8680901050304035,0.8607656163626313,0.8626312880044223,0.8676064123825318,0.9116224433388612,0.8980099502487562
