,lasso,enet,lasso_weighted
0,0.5328596802841918,0.5205002960331557,0.5135435168738899
