,lasso,enet,lasso_weighted
0,0.9033996683250415,0.8992537313432836,0.8942095080154782
