,1,2,3,4,pEns,qEns
0,0.5633510953226761,0.43650088809946713,0.4306542332741267,0.5332297217288336,0.6036856127886323,0.5627590290112493
