,lasso,enet,lasso_weighted
0,0.9433836589698046,0.9251776198934281,0.9185168738898757
