,1,2,3,4,pEns,qEns
0,0.4515616362631288,0.4740878938640133,0.4515616362631288,0.4691818684355998,0.5193477059148701,0.49661415146489774
