,1,2,3,4,pEns,qEns
0,0.8611604499703966,0.8783303730017762,0.8966844286560095,0.9117821195973949,0.9539668442865601,0.9440497335701599
