,lasso,enet,lasso_weighted
0,0.511746821448314,0.49702874516307355,0.4972360420121614
