,qra,qrm
0,0.413167104111986,0.5000740082889283
